{"cameraMode":{"drawMode":0,"name":"Shaded","section":"Shading Mode"},"sceneLighting":false,"audioPlay":false,"sceneViewState":{"m_AlwaysRefresh":false,"showFog":true,"showSkybox":false,"showFlares":true,"showImageEffects":true,"showParticleSystems":true,"showVisualEffectGraphs":true,"m_FxEnabled":true},"in2DMode":false,"pivot":{"x":0.14603710174560548,"y":2.4196009635925295,"z":5.018385410308838},"rotation":{"x":-0.45547983050346377,"y":0.2788223326206207,"z":-0.15303365886211396,"w":-0.8313114643096924},"size":6.0621867179870609,"orthographic":false}