{"cameraMode":{"drawMode":0,"name":"Shaded","section":"Shading Mode"},"sceneLighting":false,"audioPlay":false,"sceneViewState":{"m_AlwaysRefresh":false,"showFog":true,"showSkybox":false,"showFlares":true,"showImageEffects":true,"showParticleSystems":true,"showVisualEffectGraphs":true,"m_FxEnabled":true},"in2DMode":false,"pivot":{"x":13.762340545654297,"y":2.243440628051758,"z":7.013689994812012},"rotation":{"x":-0.007802145089954138,"y":-0.07369101792573929,"z":0.0003290192107670009,"w":-0.9970743060112},"size":0.8529943823814392,"orthographic":false}