{"cameraMode":{"drawMode":0,"name":"Shaded","section":"Shading Mode"},"sceneLighting":false,"audioPlay":false,"sceneViewState":{"m_AlwaysRefresh":false,"showFog":true,"showSkybox":false,"showFlares":true,"showImageEffects":true,"showParticleSystems":true,"showVisualEffectGraphs":true,"m_FxEnabled":true},"in2DMode":false,"pivot":{"x":-0.21803689002990724,"y":1.8082292079925538,"z":0.2684049606323242},"rotation":{"x":-0.45547983050346377,"y":0.2788223326206207,"z":-0.15303365886211396,"w":-0.8313114643096924},"size":4.665217399597168,"orthographic":false}