{"cameraMode":{"drawMode":0,"name":"Shaded","section":"Shading Mode"},"sceneLighting":false,"audioPlay":false,"sceneViewState":{"m_AlwaysRefresh":false,"showFog":true,"showSkybox":false,"showFlares":true,"showImageEffects":true,"showParticleSystems":true,"showVisualEffectGraphs":true,"m_FxEnabled":true},"in2DMode":false,"pivot":{"x":7.161458969116211,"y":2.1478583812713625,"z":6.989327430725098},"rotation":{"x":0.010116885416209698,"y":-0.099083311855793,"z":-0.001254676841199398,"w":-0.9948519468307495},"size":0.6980274319648743,"orthographic":false}