{"cameraMode":{"drawMode":0,"name":"Shaded","section":"Shading Mode"},"sceneLighting":false,"audioPlay":false,"sceneViewState":{"m_AlwaysRefresh":false,"showFog":true,"showSkybox":false,"showFlares":true,"showImageEffects":true,"showParticleSystems":true,"showVisualEffectGraphs":true,"m_FxEnabled":true},"in2DMode":false,"pivot":{"x":3.7986254692077638,"y":2.092484712600708,"z":6.9983744621276859},"rotation":{"x":0.010116885416209698,"y":-0.099083311855793,"z":-0.001254676841199398,"w":-0.9948519468307495},"size":0.7029129266738892,"orthographic":false}