{"cameraMode":{"drawMode":0,"name":"Shaded","section":"Shading Mode"},"sceneLighting":false,"audioPlay":false,"sceneViewState":{"m_AlwaysRefresh":false,"showFog":true,"showSkybox":false,"showFlares":true,"showImageEffects":true,"showParticleSystems":true,"showVisualEffectGraphs":true,"m_FxEnabled":true},"in2DMode":false,"pivot":{"x":20.995929718017579,"y":4.642942905426025,"z":7.042728424072266},"rotation":{"x":0.010116885416209698,"y":-0.099083311855793,"z":-0.001254676841199398,"w":-0.9948519468307495},"size":1.2873530387878419,"orthographic":false}