{"cameraMode":{"drawMode":0,"name":"Shaded","section":"Shading Mode"},"sceneLighting":true,"audioPlay":false,"sceneViewState":{"m_AlwaysRefresh":false,"showFog":true,"showSkybox":true,"showFlares":true,"showImageEffects":true,"showParticleSystems":true,"showVisualEffectGraphs":true,"m_FxEnabled":true},"in2DMode":false,"pivot":{"x":37.84876251220703,"y":16.893871307373048,"z":5.1301422119140629},"rotation":{"x":-0.23929375410079957,"y":-0.11215271055698395,"z":0.02757362090051174,"w":-0.9638949632644653},"size":4.560396194458008,"orthographic":false}