{"cameraMode":{"drawMode":0,"name":"Shaded","section":"Shading Mode"},"sceneLighting":true,"audioPlay":false,"sceneViewState":{"m_AlwaysRefresh":false,"showFog":true,"showSkybox":true,"showFlares":true,"showImageEffects":true,"showParticleSystems":true,"showVisualEffectGraphs":true,"m_FxEnabled":true},"in2DMode":false,"pivot":{"x":859.3802490234375,"y":122.96057891845703,"z":273.7146911621094},"rotation":{"x":0.22275307774543763,"y":0.3418267071247101,"z":-0.08373663574457169,"w":0.9090062975883484},"size":102.17997741699219,"orthographic":false}