{"cameraMode":{"drawMode":0,"name":"Shaded","section":"Shading Mode"},"sceneLighting":true,"audioPlay":false,"sceneViewState":{"m_AlwaysRefresh":false,"showFog":true,"showSkybox":true,"showFlares":true,"showImageEffects":true,"showParticleSystems":true,"showVisualEffectGraphs":true,"m_FxEnabled":true},"in2DMode":false,"pivot":{"x":176.45753479003907,"y":15.218963623046875,"z":279.0677490234375},"rotation":{"x":-0.3002471625804901,"y":-0.08743556588888169,"z":0.027394764125347139,"w":-0.9492902755737305},"size":14.458518981933594,"orthographic":false}