{"cameraMode":{"drawMode":0,"name":"Shaded","section":"Shading Mode"},"sceneLighting":false,"audioPlay":false,"sceneViewState":{"m_AlwaysRefresh":false,"showFog":true,"showSkybox":false,"showFlares":true,"showImageEffects":true,"showParticleSystems":true,"showVisualEffectGraphs":true,"m_FxEnabled":true},"in2DMode":false,"pivot":{"x":-0.11699111759662628,"y":0.09921160340309143,"z":0.029324203729629518},"rotation":{"x":0.010116885416209698,"y":-0.099083311855793,"z":-0.001254676841199398,"w":-0.9948519468307495},"size":0.18964093923568726,"orthographic":false}